Target Name	UniprotID	smiles string	bindingDB ID	affinity type	affinity value	source	Price
1-deoxy-D-xylulose 5-phosphate reductoisomerase	A0QVH7	ON(CCCP(O)(O)=O)C=O	50153713	IC50	 80	https://orderbb.emolecules.com/cgi-bin/more?vid=50153329	
HTH-type transcriptional regulator EthR	A0R666	Cc1ccc(cc1)-n1nc2ccc(NC(=O)COc3ccccc3C)cc2n1	50395186	IC50	 2900	http://www.request.vitasmlab.com/index.php?option=com_search_stk&Itemid=22&stk=STK183969&?utm_source=pubchem&utm_medium=p_search_link&utm_campaign=pubchem_search&utm_content=pubchem_slink https://orders.emolecules.com/cgi-bin/more?vid=1289497 https://www.molport.com/shop/molecule-link/MolPort-001-950-505 http://chemistryondemand.com:8080/eShop/search_results.jsp?jme_mol=&smiles=3729-2596&s_type=txt&idnumber=3729-2596 http://www.hit2lead.com/comp.asp?db=SC&id=5838989	
Prostaglandin E synthase	A0SYQ0	CC(C)(C)C(=O)NCc1ccc(Cl)c(c1)C(=O)Nc1ncc[nH]1	50393042	IC50	 0.555000	https://orderbb.emolecules.com/cgi-bin/more?vid=71013203	
Vitamin D3 receptor	A3RGC1	C[C@H](CCCC(C)(C)O)[C@H]1CC[C@H]2\C(CCC[C@]12C)=C\C=C1\C[C@@H](O)C[C@H](O)C1=C	50200182	Kd	 0.070	http://www.sigmaaldrich.com/catalog/product/SIGMA/17936?lang=en&region=US https://orderbb.emolecules.com/cgi-bin/more?vid=206903590 https://www.molport.com/shop/molecule-link/MolPort-002-045-698 http://www.medchemexpress.com/calcitriol-d6.html	($800)/(1 mg) OR ($1040)/(1 mg)
Motilin receptor	A5A4K8	CC[C@H]1OC(=O)[C@H](C)[C@@H](O[C@H]2C[C@@](C)(OC)[C@@H](O)[C@H](C)O2)[C@H](C)[C@@H](O[C@@H]2O[C@H](C)C[C@@H]([C@H]2O)N(C)C)[C@@]2(C)CC(C)=C(O2)[C@H](C)[C@@H](O)[C@]1(C)O	85846	IC50	 224	https://orderbb.emolecules.com/cgi-bin/more?vid=50428973	
Motilin receptor	A5A4K8	CC[C@H]1OC(=O)[C@H](C)[C@@H](O[C@H]2C[C@@](C)(OC)[C@@H](O)[C@H](C)O2)[C@H](C)[C@@H](O[C@@H]2O[C@H](C)C[C@@H]([C@H]2O)N(C)C)[C@](C)(O)C[C@@H](C)C(=O)[C@H](C)[C@@H](O)[C@]1(C)O	50344942	EC50	 1200	http://www.sigmaaldrich.com/catalog/product/SIAL/46256?lang=en&region=US https://orders.emolecules.com/cgi-bin/more?vid=1986743 http://www.medchemexpress.com/Erythromycin.html	($50)/(1 g) OR ($90)/(5 g) OR ($120)/(10 g) OR ($65)/(1 g) OR ($117)/(5 g) OR ($156 )/(10 g)
Motilin receptor	A5A4K8	CCC1OC(=O)C(C)C(O[C@H]2C[C@@](C)(OC)[C@@H](O)C(C)O2)C(C)[C@@H](OC2OC(C)CC([C@H]2O)N(C)C)[C@@](C)(O)C[C@@H](C)C(=O)[C@H](C)[C@@H](O)[C@]1(C)O	50421353	IC50	 71	https://orders.emolecules.com/cgi-bin/more?vid=1986743 https://www.molport.com/shop/molecule-link/MolPort-000-772-161	Pharmeks, Ltd.: (40.00 USD)/(1 mg), (44.00 USD)/(2 mg), (53.00 USD)/(5 mg), (67.00 USD)/(10 mg), (91.00 USD)/(20 mg), (111.00 USD)/(30 mg), (143.00 USD)/(50 mg), (218.00 USD)/(100 mg), (218.00 USD)/(100 mg)
botulinum neurotoxin type A	A5HZZ9	CCOCCSc1nc2\C(CCc2c(-c2cccs2)c1C#N)=C/c1cccs1	1775	EC50	 6400	https://orders.emolecules.com/cgi-bin/more?vid=45796108 https://www.molport.com/shop/molecule-link/MolPort-003-052-719	Life Chemicals Inc.: (45.00 USD)/(1 mg), (51.00 USD)/(2 mg), (56.00 USD)/(3 mg), (60.00 USD)/(4 mg), (69.00 USD)/(5 mg), (79.00 USD)/(10 mg), (89.00 USD)/(15 mg), (99.00 USD)/(20 mg), (109.00 USD)/(25 mg), (119.00 USD)/(30 mg), (140.00 USD)/(40 mg), (160.00 USD)/(50 mg)
botulinum neurotoxin type A	A5HZZ9	[O-][N+](=O)c1ccc(cc1)C1=NN(C(C1)c1ccco1)c1ccccc1	31372	EC50	 400	https://orders.emolecules.com/cgi-bin/more?vid=5782278 https://www.molport.com/shop/molecule-link/MolPort-000-156-174	Maybridge, Ltd.: (66.88 USD)/(1 mg), (66.88 USD)/(2 mg), (66.88 USD)/(3 mg), (66.88 USD)/(4 mg), (66.88 USD)/(5 mg), (95.21 USD)/(10 mg), (107.35 USD)/(15 mg), (119.49 USD)/(20 mg), (131.60 USD)/(25 mg), (144.05 USD)/(30 mg), (168.18 USD)/(40 mg), (192.31 USD)/(50 mg), (216.87 USD)/(75 mg), (241.43 USD)/(100 mg), (241.43 USD)/(100 mg)
botulinum neurotoxin type A	A5HZZ9	CCSc1nnc(o1)-c1sc2nnc(-c3ccccc3)c(-c3ccccc3)c2c1N	44497	EC50	 6900	https://orders.emolecules.com/cgi-bin/more?vid=32276790	
botulinum neurotoxin type A	A5HZZ9	c1c(nc2nc(-c3ccccc3)c(nn12)-c1ccccc1)-c1ccccc1	44521	EC50	 600	https://orders.emolecules.com/cgi-bin/more?vid=2332470 https://www.molport.com/shop/molecule-link/MolPort-000-653-512 http://www.hit2lead.com/comp.asp?db=SC&id=5146676	
botulinum neurotoxin type A	A5HZZ9	Cc1cc2ccccc2n1CCNC(=O)c1ccc(cc1)S(=O)(=O)N1CCCCC1	47193	EC50	 1000	https://orders.emolecules.com/cgi-bin/more?vid=11332706 http://chemistryondemand.com:8080/eShop/search_results.jsp?jme_mol=&smiles=C281-0179&s_type=txt&idnumber=C281-0179	
botulinum neurotoxin type A	A5HZZ9	Cc1ccc(cc1)-c1cn2nc(-c3ccccc3)c(nc2n1)-c1ccccc1	51235	EC50	 1500	https://orders.emolecules.com/cgi-bin/more?vid=4404052 https://www.molport.com/shop/molecule-link/MolPort-002-552-806 http://chemistryondemand.com:8080/eShop/search_results.jsp?jme_mol=&smiles=8010-8400&s_type=txt&idnumber=8010-8400	
botulinum neurotoxin type A	A5HZZ9	COc1ccc(cc1OC)C1CC(=NN1c1nc(C)c(s1)C(C)=O)c1cccs1	72525	EC50	 4800	https://orders.emolecules.com/cgi-bin/more?vid=15929430 http://chemistryondemand.com:8080/eShop/search_results.jsp?jme_mol=&smiles=4386-3462&s_type=txt&idnumber=4386-3462 http://www.hit2lead.com/comp.asp?db=SC&id=5656314	
botulinum neurotoxin type A	A5HZZ9	Cc1cc2cc(CNC(=O)c3c(C)onc3-c3ccccc3Cl)ccc2n1C	88692	EC50	 4200	https://orders.emolecules.com/cgi-bin/more?vid=6840417 https://www.molport.com/shop/molecule-link/MolPort-003-040-046	Life Chemicals Inc.: (45.00 USD)/(1 mg), (51.00 USD)/(2 mg), (56.00 USD)/(3 mg), (60.00 USD)/(4 mg), (69.00 USD)/(5 mg), (79.00 USD)/(10 mg), (89.00 USD)/(15 mg), (99.00 USD)/(20 mg), (109.00 USD)/(25 mg), (119.00 USD)/(30 mg), (140.00 USD)/(40 mg)
botulinum neurotoxin type A	A5HZZ9	Cc1cc2ccccc2n1CCNC(=O)COc1ccccc1	88693	EC50	 4900	https://orders.emolecules.com/cgi-bin/more?vid=5447825 https://www.molport.com/shop/molecule-link/MolPort-003-033-915 http://chemistryondemand.com:8080/eShop/search_results.jsp?jme_mol=&smiles=C281-0106&s_type=txt&idnumber=C281-0106	
botulinum neurotoxin type A	A5HZZ9	O=C(Cc1ccccc1)c1ccccn1	88709	EC50	 8600	https://orderbb.emolecules.com/cgi-bin/more?vid=7403834	
botulinum neurotoxin type A	A5HZZ9	Clc1ccc(cc1)-c1cn2nc(-c3ccccc3)c(nc2n1)-c1ccccc1	91564	EC50	 1000	https://orders.emolecules.com/cgi-bin/more?vid=4478207 https://www.molport.com/shop/molecule-link/MolPort-002-577-261 http://chemistryondemand.com:8080/eShop/search_results.jsp?jme_mol=&smiles=8010-5745&s_type=txt&idnumber=8010-5745	
adrenergic Alpha1	A7MBE0	Fc1ccc(cc1)C(=O)CCCN1CCC2(CC1)N(CNC2=O)c1ccccc1	21397	Ki	 31.62	http://www.sigmaaldrich.com/catalog/product/SIGMA/S7395?lang=en&region=US https://orderbb.emolecules.com/cgi-bin/more?vid=594454 https://www.molport.com/shop/molecule-link/MolPort-003-666-371	BIOTREND Chemicals, AG: (99.39 USD)/(50 mg), (99.39 USD)/(50 mg)
adrenergic Alpha1	A7MBE0	COc1cc2nc(nc(N)c2cc1OC)N1CCN(CC1)C(=O)c1ccco1	29568	Ki	 0.5	http://www.request.vitasmlab.com/index.php?option=com_search_stk&Itemid=22&stk=STK301545&?utm_source=pubchem&utm_medium=p_search_link&utm_campaign=pubchem_search&utm_content=pubchem_slink http://www.finetechnology-ind.com/product_detail.shtml?catalogNo=FT-0630457 https://orders.emolecules.com/cgi-bin/more?vid=670703 http://www.arkpharminc.com/product/detail/AK116466.html http://www.medchemexpress.com/Prazosin.html	
adrenergic Alpha1	A7MBE0	Cc1cc(c(O)c(C)c1CC1=NCCN1)C(C)(C)C	30712	Ki	 25.11	http://www.sigmaaldrich.com/catalog/product/USP/1486004?lang=en&region=US http://www.medchemexpress.com/oxymetazoline-hydrochloride.html	( $50)/(100 mg) OR ($100)/(500 mg) OR ($65)/(100 mg) OR ($130)/(500 mg)
adrenergic Alpha1	A7MBE0	Cc1ccc(cc1)N(CC1=NCCN1)c1cccc(O)c1	31046	Ki	 12.58	http://www.sigmaaldrich.com/catalog/product/USP/1529005?lang=en&region=US https://orders.emolecules.com/cgi-bin/more?vid=975745 http://www.medchemexpress.com/phentolamine-mesylate.html	($50 )/(100 mg) OR ($150)/(500 mg) OR ($65)/(100 mg) OR ($195)/(500 mg)
adrenergic Alpha1	A7MBE0	COC(=O)C1C(C(C(=O)OCCCN2CCC(CC2)(c2ccccc2)c2ccccc2)=C(C)N=C1C)c1cccc(c1)[N+]([O-])=O	82424	Ki	 10	http://www.finetechnology-ind.com/product_detail.shtml?catalogNo=FT-0631068	
adrenergic Alpha1	A7MBE0	CNCC(O)c1ccc(O)c(O)c1	84342	Ki	 7943.28	http://www.sigmaaldrich.com/catalog/product/ALDRICH/771775?lang=en&region=US http://www.medchemexpress.com/DL-Epinephrine.html	($50)/(1 g) OR ($70)/(5 g) OR ($65)/(1 g) OR ($91)/(5 g)
adrenergic Alpha1	A7MBE0	COc1cc2nc(nc(N)c2cc1OC)N1CCN(CC1)C(=O)C1CCCO1	50033111	Ki	 31.62	http://www.sigmaaldrich.com/catalog/product/USP/1643452?lang=en&region=US http://www.request.vitasmlab.com/index.php?option=com_search_stk&Itemid=22&stk=STK567029&?utm_source=pubchem&utm_medium=p_search_link&utm_campaign=pubchem_search&utm_content=pubchem_slink http://www.finetechnology-ind.com/product_detail.shtml?catalogNo=FT-0630739 https://orders.emolecules.com/cgi-bin/more?vid=902550 http://www.medchemexpress.com/terazosin.html	
GABA B rho 1	A8MPY1	NCc1cc(=O)[nH]o1	23183	Ki	 460	http://www.sigmaaldrich.com/catalog/product/SIGMA/M1523?lang=en&region=US http://www.finetechnology-ind.com/product_detail.shtml?catalogNo=FT-0629033 https://orderbb.emolecules.com/cgi-bin/more?vid=5754061	
GABA B rho 1	A8MPY1	NCCCC(O)=O	24183	Ki	 580	http://www.sigmaaldrich.com/catalog/product/SIAL/03835?lang=en&region=US http://www.request.vitasmlab.com/index.php?option=com_search_stk&Itemid=22&stk=BBL008590&?utm_source=pubchem&utm_medium=p_search_link&utm_campaign=pubchem_search&utm_content=pubchem_slink http://www.finetechnology-ind.com/product_detail.shtml?catalogNo=FT-0617569 https://orders.emolecules.com/cgi-bin/more?vid=476623 http://www.arkpharminc.com/product/detail/AK-43987.html https://www.molport.com/shop/molecule-link/MolPort-000-146-216	AK Scientific, Inc.: (20.00 USD)/(25 g), (41.41 USD)/(100 g), (149.00 USD)/(500 g), (269.00 USD)/(1 kg), (608.00 USD)/(2.5 kg), (608.00 USD)/(2.5 kg)
GABA B rho 1	A8MPY1	OC(=O)Cc1cnc[nH]1	85712	Ki	 150	http://www.finetechnology-ind.com/product_detail.shtml?catalogNo=FT-0660552 https://orderbb.emolecules.com/cgi-bin/more?vid=49227137	
Dehydrosqualene synthase	A9JQL9	CC(C)=CCC\C(C)=C\CNCCNC1C2CC3CC(C2)CC1C3	50388398	Ki	 360	http://www.sigmaaldrich.com/catalog/product/SIGMA/SML1309?lang=en&region=US https://orderbb.emolecules.com/cgi-bin/more?vid=45475557	
Histone Lysine Demethylase	B2RXH2	Oc1cc(O)c2c(c1)oc(-c1cc(O)c(O)c(O)c1)c(O)c2=O	15236	IC50	 3000	http://www.sigmaaldrich.com/catalog/product/SIAL/05390590?lang=en&region=US http://www.request.vitasmlab.com/index.php?option=com_search_stk&Itemid=22&stk=STL284709&?utm_source=pubchem&utm_medium=p_search_link&utm_campaign=pubchem_search&utm_content=pubchem_slink http://www.finetechnology-ind.com/product_detail.shtml?catalogNo=FT-0672573 https://orders.emolecules.com/cgi-bin/more?vid=529338 http://www.arkpharminc.com/product/detail/AK111247.html https://www.molport.com/shop/molecule-link/MolPort-001-740-532	AK Scientific, Inc.: (22.90 USD)/(5 mg), (77.31 USD)/(25 mg), (293.40 USD)/(100 mg), (293.40 USD)/(100 mg)
Histone Lysine Demethylase	B2RXH2	ONC(=O)c1cccc(O)c1	26110	IC50	 4800	https://orderbb.emolecules.com/cgi-bin/more?vid=31410062 https://www.molport.com/shop/molecule-link/MolPort-004-341-845	ENAMINE Ltd.: (124.00 USD)/(100 mg), (177.00 USD)/(250 mg), (332.00 USD)/(500 mg), (442.00 USD)/(1 g), (867.00 USD)/(2.5 g), (867.00 USD)/(2.5 g)
Histone Lysine Demethylase	B2RXH2	COC(=O)c1ccnc(c1)-c1cc(ccn1)C(O)=O	26119	IC50	 6600	https://orderbb.emolecules.com/cgi-bin/more?vid=50413270	
Histone Lysine Demethylase	B2RXH2	Oc1ccc(cc1)C1CNCCc2c(Cl)c(O)c(O)cc12	60917	Ki	 1920	http://www.sigmaaldrich.com/catalog/product/USP/1269458?lang=en&region=US https://orders.emolecules.com/cgi-bin/more?vid=36518021 http://www.medchemexpress.com/fenoldopam.html	
Histone Lysine Demethylase	B2RXH2	CC1(C)CCC2=C(O1)c1ccccc1C(=O)C2=O	81348	Ki	 3550	http://www.sigmaaldrich.com/catalog/product/SIGMA/L2037?lang=en&region=US http://www.finetechnology-ind.com/product_detail.shtml?catalogNo=FT-0635405 https://orders.emolecules.com/cgi-bin/more?vid=555950 https://www.molport.com/shop/molecule-link/MolPort-003-946-081 http://www.medchemexpress.com/_beta_-Lapachone.html	($60)/(10 mg) OR ($210)/(50 mg) OR ($390)/(100 mg) OR ($78)/(10 mg) OR ($273)/(50 mg) OR ($507)/(100 mg)
Histone Lysine Demethylase	B2RXH2	Oc1cc2oc(cc(=O)c2c(O)c1O)-c1ccccc1	50009001	Ki	 4330	http://www.sigmaaldrich.com/catalog/product/ALDRICH/465119?lang=en&region=US http://www.request.vitasmlab.com/index.php?option=com_search_stk&Itemid=22&stk=STL146746&?utm_source=pubchem&utm_medium=p_search_link&utm_campaign=pubchem_search&utm_content=pubchem_slink http://www.finetechnology-ind.com/product_detail.shtml?catalogNo=FT-0629480 https://orders.emolecules.com/cgi-bin/more?vid=479226 https://www.molport.com/shop/molecule-link/MolPort-001-741-408	Alinda Chemical, Ltd.: (80.00 USD)/(0.5 g), (100.00 USD)/(1 g), (350.00 USD)/(5 g), (350.00 USD)/(5 g)
Histone Lysine Demethylase	B2RXH2	Nc1cnccc1C(O)=O	50122002	IC50	 1259	http://www.sigmaaldrich.com/catalog/product/ALDRICH/710849?lang=en&region=US https://orders.emolecules.com/cgi-bin/more?vid=724149 https://www.molport.com/shop/molecule-link/MolPort-000-000-464 http://chemistryondemand.com:8080/eShop/search_results.jsp?jme_mol=&smiles=8014-2113&s_type=txt&idnumber=8014-2113	
Histone Lysine Demethylase	B2RXH2	ONC(=O)CCC(O)=O	50129197	IC50	 400	https://orderbb.emolecules.com/cgi-bin/more?vid=109718583	
Histone Lysine Demethylase	B2RXH2	OC(=O)c1ccc(O)c2ncccc12	50396018	IC50	 200	http://www.sigmaaldrich.com/catalog/product/SIGMA/SML0067?lang=en&region=US https://orders.emolecules.com/cgi-bin/more?vid=32447788 https://www.molport.com/shop/molecule-link/MolPort-006-673-354 http://www.medchemexpress.com/IOX1.html	($75)/(5 mg) OR ($102)/(10 mg) OR ($430)/(50 mg) OR ($98)/(5 mg) OR ($133 )/(10 mg) OR ($559)/(50 mg)
Histone Lysine Demethylase	B2RXH2	C[C@@](Cc1ccc(O)c(O)c1)(NN)C(O)=O	50418773	Ki	 1980	http://www.sigmaaldrich.com/catalog/product/USP/1095506?lang=en&region=US https://www.molport.com/shop/molecule-link/MolPort-003-666-414 http://www.medchemexpress.com/Carbidopa.html	($60)/(10 mg) OR ($120)/(50 mg) OR ($78)/(10 mg) OR ($156)/(50 mg)
Collagenase (ChC)	BAA86030	COc1ccc(cc1)S(=O)(=O)N(Cc1ccccc1)C(CC(C)C)C(=O)NO	11349	Ki	 13	https://orderbb.emolecules.com/cgi-bin/more?vid=28183616	
Nicotinate-nucleotide adenylyltransferase (NadD)	C3L5T6	Nc1c(sc2nc(ccc12)-c1cccs1)C(=O)Nc1cc(Cl)ccc1Cl	81357	IC50	 9e+3	http://www.request.vitasmlab.com/index.php?option=com_search_stk&Itemid=22&stk=STK548577&?utm_source=pubchem&utm_medium=p_search_link&utm_campaign=pubchem_search&utm_content=pubchem_slink https://orders.emolecules.com/cgi-bin/more?vid=3746162 https://www.molport.com/shop/molecule-link/MolPort-000-802-658	InterBioScreen Ltd.: (40.00 USD)/(1 mg), (44.00 USD)/(2 mg), (56.00 USD)/(3 mg), (75.00 USD)/(5 mg), (111.00 USD)/(10 mg), (134.00 USD)/(15 mg), (159.00 USD)/(20 mg), (177.00 USD)/(25 mg), (194.00 USD)/(30 mg), (194.00 USD)/(30 mg)
Nicotinate-nucleotide adenylyltransferase (NadD)	C3L5T6	[O-][N+](=O)c1ccc(NC(=O)Nc2ccc(cc2)S(=O)(=O)Nc2ccc(Cl)c(Cl)c2)cc1	50266764	IC50	 2000	http://www.request.vitasmlab.com/index.php?option=com_search_stk&Itemid=22&stk=STK459768&?utm_source=pubchem&utm_medium=p_search_link&utm_campaign=pubchem_search&utm_content=pubchem_slink https://orders.emolecules.com/cgi-bin/more?vid=2471390 https://www.molport.com/shop/molecule-link/MolPort-001-593-922 http://www.hit2lead.com/comp.asp?db=SC&id=7808878	
Nicotinate-nucleotide adenylyltransferase (NadD)	C3L5T6	Clc1cccc(NC(=O)CCC(=O)N\N=C\c2c3ccccc3cc3ccccc23)c1	50318652	Ki	 9e+3	http://www.request.vitasmlab.com/index.php?option=com_search_stk&Itemid=22&stk=STK696827&?utm_source=pubchem&utm_medium=p_search_link&utm_campaign=pubchem_search&utm_content=pubchem_slink https://orders.emolecules.com/cgi-bin/more?vid=6732641 https://www.molport.com/shop/molecule-link/MolPort-002-689-505 http://chemistryondemand.com:8080/eShop/search_results.jsp?jme_mol=&smiles=8003-9695&s_type=txt&idnumber=8003-9695	
Succinate dehydrogenase cytochrome b560 subunit, mitochondrial	D0VWV4	CC(C)CC(C)c1sccc1NC(=O)c1cn(C)nc1C(F)(F)F	50079600	Ki	 327	http://www.sigmaaldrich.com/catalog/product/SIAL/32064?lang=en&region=US https://orderbb.emolecules.com/cgi-bin/more?vid=44696685 http://www.medchemexpress.com/penthiopyrad.html	($136)/(50 mg) OR ($210)/(100 mg) OR ($177)/( 50 mg) OR ($273)/(100 mg)
Aldehyde oxidase (AO)	H9TB17	Oc1cc2c3c(oc(=O)c4cc(O)c(O)c(oc2=O)c34)c1O	4078	Ki	 4.53e+3	http://www.sigmaaldrich.com/catalog/product/SIAL/05350590?lang=en&region=US http://www.request.vitasmlab.com/index.php?option=com_search_stk&Itemid=22&stk=STK801964&?utm_source=pubchem&utm_medium=p_search_link&utm_campaign=pubchem_search&utm_content=pubchem_slink https://orders.emolecules.com/cgi-bin/more?vid=509332 https://www.molport.com/shop/molecule-link/MolPort-000-861-050 http://www.medchemexpress.com/ellagic-acid.html	($70)/(1 g) OR ($220)/(5 g) OR ($91)/(1 g) OR ($286)/(5 g)
Aldehyde oxidase (AO)	H9TB17	CC1=CC(=O)c2ccccc2C1=O	24778	Ki	 7.23e+3	http://www.sigmaaldrich.com/catalog/product/USP/1381006?lang=en&region=US http://www.request.vitasmlab.com/index.php?option=com_search_stk&Itemid=22&stk=STL377874&?utm_source=pubchem&utm_medium=p_search_link&utm_campaign=pubchem_search&utm_content=pubchem_slink http://www.finetechnology-ind.com/product_detail.shtml?catalogNo=FT-0675843 https://orders.emolecules.com/cgi-bin/more?vid=513358 http://www.medchemexpress.com/Menadione.html	($60)/(500 mg) OR ($90 )/(1 g) OR ($78)/(500 mg) OR ($117)/(1 g)
Serine/threonine-protein kinase Sgk1	O00141	CN[C@@H]1C[C@H]2O[C@@](C)([C@@H]1OC)n1c3ccccc3c3c4CNC(=O)c4c4c5ccccc5n2c4c13	2579	IC50	 14	http://www.finetechnology-ind.com/product_detail.shtml?catalogNo=FT-0674647 https://orderbb.emolecules.com/cgi-bin/more?vid=48669874 https://www.molport.com/shop/molecule-link/MolPort-004-963-434 http://www.medchemexpress.com/Staurosporine.html	($80)/(2 mg) OR ($110 )/(5 mg) OR ($150)/(10 mg) OR ($104)/(2 mg) OR ($143)/(5 mg) OR ($195)/(10 mg)
Serine/threonine-protein kinase Sgk1	O00141	CN(C)c1nc2c(Br)c(Br)c(Br)c(Br)c2[nH]1	50156670	IC50	 3570	https://orderbb.emolecules.com/cgi-bin/more?vid=44221571 http://www.medchemexpress.com/DMAT.html	($80)/(10 mg) OR ($286)/(50 mg) OR ($104)/(10 mg) OR ($372)/(50 mg)
Serine/threonine-protein kinase Sgk1	O00141	N#CC(c1nc2ccccc2s1)c1ccnc(NCCc2cccnc2)n1	50169959	IC50	 10000	https://orderbb.emolecules.com/cgi-bin/more?vid=50896741 http://www.medchemexpress.com/AS601245.html	($50)/(1 mg) OR ($120)/(5 mg) OR ($210)/(10 mg) OR ($810)/(50 mg) OR ($65)/(1 mg) OR ($156)/(5 mg) OR (  $273)/(10 mg) OR ($1053)/(50 mg)
Serine/threonine-protein kinase Sgk1	O00141	O[C@H]1CC[C@@H](CC1)NC(=O)c1ccc-2c(Cc3c(n[nH]c-23)-c2ccc(cc2)-c2ccc(O)cc2)c1	50204694	IC50	 1320	https://orderbb.emolecules.com/cgi-bin/more?vid=76740009	
Serine/threonine-protein kinase Sgk1	O00141	OC(=O)c1ccc(cc1C1CCCC1)-c1c[nH]c2ncc(cc12)-c1ccccc1	50296011	IC50	 13	https://orderbb.emolecules.com/cgi-bin/more?vid=29703212 https://www.molport.com/shop/molecule-link/MolPort-023-276-856 http://www.medchemexpress.com/gsk-650394.html	($99)/(5 mg) OR ($140)/(10 mg) OR ($478)/(50 mg) OR ($129)/(5 mg) OR ($182)/(10 mg) OR ($621)/(50 mg)
Serine/threonine-protein kinase Sgk1	O00141	CN1CCN(Cc2ccc(cc2)-c2cnc3[nH]cc(-c4ccc5[nH]ccc5c4)c3c2)CC1	50441567	IC50	 201	https://orders.emolecules.com/cgi-bin/more?vid=50406370 https://www.molport.com/shop/molecule-link/MolPort-035-789-711 http://www.medchemexpress.com/URMC-099.html	($80)/(5 mg) OR ($150)/(10 mg) OR ($450)/(50 mg) OR ($104)/(5 mg) OR ($195)/(10 mg) OR ($585)/(50 mg)
Toll-like receptor 4	O00206	CCOC(=O)C1=CCCCC1S(=O)(=O)Nc1ccc(F)cc1Cl	50177125	IC50	 3.2	https://orderbb.emolecules.com/cgi-bin/more?vid=43552170	
Toll-like receptor 4	O00206	Nc1nsc2cc(Oc3ccccc3N)ccc12	50274720	IC50	 3000	https://orderbb.emolecules.com/cgi-bin/more?vid=43610536	
Toll-like receptor 4	O00206	CCC(C)CCCCC(=O)N[C@@H](CCN)C(=O)N[C@@H]([C@@H](C)O)C(=O)N[C@@H](CCN)C(=O)N[C@H]1CCNC(=O)[C@@H](NC(=O)[C@H](CCN)NC(=O)[C@H](CCN)NC(=O)[C@H](CC(C)C)NC(=O)[C@@H](Cc2ccccc2)NC(=O)[C@@H](CCN)NC1=O)[C@@H](C)O	50410807	IC50	 1230	https://orderbb.emolecules.com/cgi-bin/more?vid=31240169	
GRM8	O00222	N[C@@H](CCC(O)=O)C(O)=O	17657	Ki	 20	http://www.sigmaaldrich.com/catalog/product/SIAL/01495?lang=en&region=US https://orders.emolecules.com/cgi-bin/more?vid=477277 http://www.arkpharminc.com/product/detail/AK-44364.html http://chemistryondemand.com:8080/eShop/search_results.jsp?jme_mol=&smiles=6623-0726&s_type=txt&idnumber=6623-0726	
Metabotropic glutamate receptor 8	O00222	NC(CCP(O)(O)=O)C(O)=O	50004051	IC50	 5.1	http://www.sigmaaldrich.com/catalog/product/SIGMA/A1910?lang=en&region=US http://www.finetechnology-ind.com/product_detail.shtml?catalogNo=FT-0689296 https://orderbb.emolecules.com/cgi-bin/more?vid=533909	
Metabotropic glutamate receptor 8	O00222	NC(C(O)=O)c1ccc(cc1)P(O)(O)=O	50004881	Ki	 210	https://orderbb.emolecules.com/cgi-bin/more?vid=1934190 https://www.molport.com/shop/molecule-link/MolPort-003-983-668	BIOTREND Chemicals, AG: (215.09 USD)/(10 mg), (215.09 USD)/(10 mg)
Metabotropic glutamate receptor 8	O00222	N[C@@H](CCP(O)(O)=O)C(O)=O	50007548	Ki	 61	http://www.sigmaaldrich.com/catalog/product/SIGMA/A1910?lang=en&region=US https://orderbb.emolecules.com/cgi-bin/more?vid=533909 https://www.molport.com/shop/molecule-link/MolPort-002-513-394	BIOTREND Chemicals, AG: (59.34 USD)/(100 mg), (59.34 USD)/(100 mg)
Metabotropic glutamate receptor 8	O00222	N[C@@H]([C@H]1C[C@@H]1C(O)=O)C(O)=O	50034504	Ki	 3400	https://orderbb.emolecules.com/cgi-bin/more?vid=45915820 https://www.molport.com/shop/molecule-link/MolPort-003-940-678	BIOTREND Chemicals, AG: (356.02 USD)/(5 mg), (356.02 USD)/(5 mg)
Metabotropic glutamate receptor 8	O00222	N[C@@](CC1c2ccccc2Oc2ccccc12)([C@H]1C[C@@H]1C(O)=O)C(O)=O	50062522	Ki	 170	https://orderbb.emolecules.com/cgi-bin/more?vid=44786277 https://www.molport.com/shop/molecule-link/MolPort-023-276-045 http://www.medchemexpress.com/LY341495.html	($99)/(2 mg) OR ($150)/(5 mg) OR ($220)/(10 mg) OR ($500)/(25 mg) OR ($129)/(2 mg) OR ($195)/(5 mg) OR ($286)/(10 mg) OR ( $650)/(25 mg)
Metabotropic glutamate receptor 8	O00222	N[C@]1(CO[C@H]2[C@@H]([C@@H]12)C(O)=O)C(O)=O	50074749	EC50	 1690	https://orderbb.emolecules.com/cgi-bin/more?vid=43477905 https://www.molport.com/shop/molecule-link/MolPort-023-276-438	Tocris Bioscience: (406.25 USD)/(10 mg), (1656.25 USD)/(50 mg), (1656.25 USD)/(50 mg)
Metabotropic glutamate receptor 8	O00222	N[C@@]1(C[C@@H]1CP(O)(O)=O)C(O)=O	50089516	EC50	 6510	https://orderbb.emolecules.com/cgi-bin/more?vid=81812784	
Metabotropic glutamate receptor 8	O00222	N[C@]1(CC(=O)[C@H]2[C@@H]([C@@H]12)C(O)=O)C(O)=O	50434136	EC50	 6530	https://orderbb.emolecules.com/cgi-bin/more?vid=81828821	
Bone morphogenetic protein receptor type-1B	O00238	COc1cc2c(Nc3ccc(Br)cc3F)ncnc2cc1OCC1CCN(C)CC1	21	Kd	 240	https://orders.emolecules.com/cgi-bin/more?vid=10778617 https://www.molport.com/shop/molecule-link/MolPort-005-942-399 http://www.medchemexpress.com/Vandetanib.html	($80)/(25 mg) OR ($140)/(50 mg) OR ($200)/(100 mg) OR ($450)/(500 mg) OR ($104)/(25 mg) OR ($182)/(50 mg) OR ($260)/(100 mg) OR ($585)/( 500 mg)
Bone morphogenetic protein receptor type-1B	O00238	CN[C@@H]1C[C@H]2O[C@@](C)([C@@H]1OC)n1c3ccccc3c3c4CNC(=O)c4c4c5ccccc5n2c4c13	2579	Kd	 170	http://www.finetechnology-ind.com/product_detail.shtml?catalogNo=FT-0674647 https://orderbb.emolecules.com/cgi-bin/more?vid=48669874 https://www.molport.com/shop/molecule-link/MolPort-004-963-434 http://www.medchemexpress.com/Staurosporine.html	($80)/(2 mg) OR ($110 )/(5 mg) OR ($150)/(10 mg) OR ($104)/(2 mg) OR ($143)/(5 mg) OR ($195)/(10 mg)
Bone morphogenetic protein receptor type-1B	O00238	Fc1ccc(Nc2ncnc3cc(OCCCN4CCOCC4)c(NC(=O)C=C)cc23)cc1Cl	4779	Kd	 2600	http://www.sigmaaldrich.com/catalog/product/SIGMA/C7249?lang=en&region=US http://www.finetechnology-ind.com/product_detail.shtml?catalogNo=FT-0654215 https://orders.emolecules.com/cgi-bin/more?vid=8779390 https://www.molport.com/shop/molecule-link/MolPort-006-170-085 http://www.medchemexpress.com/Canertinib-dihydrochloride.html	($50)/(10 mg) OR ($80)/(50 mg) OR ($114)/(100 mg) OR ($195)/(200 mg) OR ($65)/(10 mg) OR ($104)/(50 mg) OR ($148)/(100 mg) OR ($254)/(200 mg)
Bone morphogenetic protein receptor type-1B	O00238	CCN(CC)CCNC(=O)c1c(C)[nH]c(\C=C2/C(=O)Nc3ccc(F)cc23)c1C	4814	Kd	 2400	http://www.sigmaaldrich.com/catalog/product/SIGMA/PZ0012?lang=en&region=US http://www.finetechnology-ind.com/product_detail.shtml?catalogNo=FT-0651493 https://orderbb.emolecules.com/cgi-bin/more?vid=36554083 http://www.arkpharminc.com/product/detail/AK-98158.html http://www.medchemexpress.com/Sunitinib.html	($50)/(100 mg) OR ($80)/(200 mg) OR ($95)/(500 mg) OR ($65)/(100 mg) OR ($104)/(200 mg) OR ($124)/(500 mg)
Bone morphogenetic protein receptor type-1B	O00238	CN1CC[C@@H]([C@H](O)C1)c1c(O)cc(O)c2c1oc(cc2=O)-c1ccccc1Cl	5655	Kd	 450	http://www.sigmaaldrich.com/catalog/product/SIGMA/F3055?lang=en&region=US http://www.finetechnology-ind.com/product_detail.shtml?catalogNo=FT-0601569 https://www.molport.com/shop/molecule-link/MolPort-006-169-102 http://www.medchemexpress.com/Flavopiridol.html	($50)/(5 mg) OR ($70)/(10 mg) OR ($195)/(50 mg) OR ($360)/(100 mg ) OR ($65)/(5 mg) OR ($91)/(10 mg) OR ($254)/(50 mg) OR ($468)/(100 mg)
Bone morphogenetic protein receptor type-1B	O00238	CSc1cccc(Nc2ncc3cc(-c4c(Cl)cccc4Cl)c(=O)n(C)c3n2)c1	6568	Kd	 4	https://orders.emolecules.com/cgi-bin/more?vid=31507558 http://www.medchemexpress.com/PD173955.html	($158)/(5 mg) OR ($280)/(10 mg) OR ($205)/(5 mg) OR ($364)/(10 mg)
Bone morphogenetic protein receptor type-1B	O00238	Cc1nc(Nc2ncc(s2)C(=O)Nc2c(C)cccc2Cl)cc(n1)N1CCN(CCO)CC1	13216	Kd	 53	http://www.sigmaaldrich.com/catalog/product/ALDRICH/CDS023389?lang=en&region=US http://www.finetechnology-ind.com/product_detail.shtml?catalogNo=FT-0651515 https://orders.emolecules.com/cgi-bin/more?vid=10748986 http://www.arkpharminc.com/product/detail/AK-47532.html http://www.medchemexpress.com/Dasatinib.html	($55)/(100 mg) OR ($65)/(200 mg) OR ($98)/(500 mg) OR ($72)/(100 mg) OR ($85)/(200 mg) OR ($127)/(500 mg)
Bone morphogenetic protein receptor type-1B	O00238	CS(=O)c1ccc(cc1)-c1nc(c([nH]1)-c1ccc(F)cc1)-c1ccncc1	13336	Kd	 3300	http://www.finetechnology-ind.com/product_detail.shtml?catalogNo=FT-0674525 https://orders.emolecules.com/cgi-bin/more?vid=27345042 http://www.arkpharminc.com/product/detail/AK-51369.html	
Bone morphogenetic protein receptor type-1B	O00238	CN1CCN(CC1)c1cc(Nc2cc(C)n[nH]2)nc(Sc2ccc(NC(=O)C3CC3)cc2)n1	13534	Kd	 1100	http://www.finetechnology-ind.com/product_detail.shtml?catalogNo=FT-0652724 https://orderbb.emolecules.com/cgi-bin/more?vid=36370217	
Bone morphogenetic protein receptor type-1B	O00238	Cc1ccc(F)c(NC(=O)Nc2ccc(cc2)-c2cccc3[nH]nc(N)c23)c1	21079	Kd	 710	http://www.finetechnology-ind.com/product_detail.shtml?catalogNo=FT-0670795 https://orders.emolecules.com/cgi-bin/more?vid=31507650 http://www.arkpharminc.com/product/detail/AK-40846.html https://www.molport.com/shop/molecule-link/MolPort-009-679-408 http://www.medchemexpress.com/linifanib.html	($60)/(5 mg) OR ($90)/(10 mg) OR ($250)/(50 mg) OR ($440)/(100 mg) OR ($740)/(200 mg) OR ($1400)/(500 mg) OR ($78)/(5 mg) OR ($117)/(10 mg) OR ($325)/(50 mg) OR ($572)/(100 mg) OR ($962)/(200 mg) OR ($1820)/(500 mg)
Bone morphogenetic protein receptor type-1B	O00238	CNC(=O)c1ccccc1Sc1ccc2c(\C=C\c3ccccn3)n[nH]c2c1	25117	Kd	 2900	http://www.sigmaaldrich.com/catalog/product/SIGMA/PZ0193?lang=en&region=US http://www.finetechnology-ind.com/product_detail.shtml?catalogNo=FT-0659483 https://orders.emolecules.com/cgi-bin/more?vid=44841535 http://www.arkpharminc.com/product/detail/AK106979.html https://www.molport.com/shop/molecule-link/MolPort-006-392-413	AK Scientific, Inc.: (40.00 USD)/(25 mg), (120.00 USD)/(100 mg), (420.00 USD)/(500 mg), (420.00 USD)/(500 mg)
Bone morphogenetic protein receptor type-1B	O00238	CCCS(=O)(=O)Nc1ccc(F)c(C(=O)c2c[nH]c3ncc(Cl)cc23)c1F	25617	Kd	 3100	http://www.finetechnology-ind.com/product_detail.shtml?catalogNo=FT-0673969 https://orders.emolecules.com/cgi-bin/more?vid=31507640 https://www.molport.com/shop/molecule-link/MolPort-009-679-429 http://www.medchemexpress.com/plx-4720.html	($50)/(5 mg) OR ($70)/(10 mg) OR ($110)/(25 mg) OR ($150)/(50 mg) OR ($240)/( 100 mg) OR ($440)/(200 mg) OR ($65)/(5 mg) OR ($91)/(10 mg) OR ($143)/(25 mg) OR ($195)/(50 mg) OR ($312)/(100 mg) OR ($572)/(200 mg)
Bone morphogenetic protein receptor type-1B	O00238	CN(c1ccc2c(C)n(C)nc2c1)c1ccnc(Nc2ccc(C)c(c2)S(N)(=O)=O)n1	26474	Kd	 1000	http://www.sigmaaldrich.com/catalog/product/ALDRICH/CDS023580?lang=en&region=US http://www.finetechnology-ind.com/product_detail.shtml?catalogNo=FT-0659928 https://orders.emolecules.com/cgi-bin/more?vid=30151586 http://www.arkpharminc.com/product/detail/AK-77387.html https://www.molport.com/shop/molecule-link/MolPort-006-827-156 http://www.medchemexpress.com/Pazopanib.html	($50)/(10 mg) OR ($100)/(50 mg) OR ($150)/(100 mg) OR ($250)/(200 mg) OR ($350)/(500 mg) OR ($65)/(10 mg) OR ($130)/(50 mg) OR ($195)/(100 mg) OR ($325)/(200 mg) OR ($455)/(500 mg)
Bone morphogenetic protein receptor type-1B	O00238	Cc1[nH]c(\C=C2/C(=O)Nc3ccc(F)cc23)c(C)c1C(=O)NC[C@H](O)CN1CCOCC1	31095	Kd	 3700	https://orderbb.emolecules.com/cgi-bin/more?vid=44811422 http://www.medchemexpress.com/SU14813.html	($70)/(5 mg) OR ($95)/(10 mg) OR ($260)/(50 mg) OR ($91)/(5 mg) OR ($124)/(10 mg) OR ($338)/(50 mg)
Bone morphogenetic protein receptor type-1B	O00238	CC(C)Oc1ccc(cc1)-c1cnc2c(cnn2c1)-c1ccnc2ccccc12	36354	IC50	 48	http://www.sigmaaldrich.com/catalog/product/SIGMA/D8946?lang=en&region=US https://orderbb.emolecules.com/cgi-bin/more?vid=32279285 https://www.molport.com/shop/molecule-link/MolPort-023-277-073 http://www.medchemexpress.com/DMH-1.html	($90)/(10 mg) OR ($300)/(50 mg) OR ($500)/(100 mg) OR ($117)/(10 mg) OR ($390)/(50 mg) OR ($650)/(100 mg)
Bone morphogenetic protein receptor type-1B	O00238	CC(C)n1nc(-c2cc3cc(O)ccc3[nH]2)c2c(N)ncnc12	36409	Kd	 2.1	http://www.sigmaaldrich.com/catalog/product/SIGMA/P0037?lang=en&region=US https://orders.emolecules.com/cgi-bin/more?vid=24950791 https://www.molport.com/shop/molecule-link/MolPort-016-633-318 http://www.medchemexpress.com/PP-242.html	($50)/(5 mg) OR ($65)/(10 mg) OR ($130)/(50 mg) OR ($220)/(100 mg ) OR ($65)/(5 mg) OR ($85)/( 10 mg) OR ($169)/(50 mg) OR ($286)/(100 mg)
Bone morphogenetic protein receptor type-1B	O00238	COc1cc(Nc2ncc(F)c(Nc3ccc4OC(C)(C)C(=O)Nc4n3)n2)cc(OC)c1OC	60665	Kd	 720	https://orders.emolecules.com/cgi-bin/more?vid=31592812 https://www.molport.com/shop/molecule-link/MolPort-009-679-442 http://www.medchemexpress.com/R406-free-base.html	($120)/(5 mg) OR ($170)/(10 mg) OR ($560)/(50 mg) OR ($970)/(100 mg) OR ($156)/(5 mg) OR ($221)/(10 mg) OR ($728)/(50 mg) OR ($1261)/(100 mg)
Bone morphogenetic protein receptor type-1B	O00238	C1CN(CCN1)c1ccc(cc1)-c1cnc2c(cnn2c1)-c1cccc2ncccc12	102618	IC50	 93	https://orderbb.emolecules.com/cgi-bin/more?vid=49839449 https://www.molport.com/shop/molecule-link/MolPort-035-395-881 http://www.medchemexpress.com/LDN-212854.html	($102)/(5 mg) OR ($188)/(10 mg) OR ($818)/(50 mg) OR ($133)/(5 mg) OR ($244)/(10 mg) OR ($1063)/(50 mg)
Bone morphogenetic protein receptor type-1B	O00238	COc1cc(ccc1Nc1ncc(Cl)c(Nc2ccccc2S(=O)(=O)C(C)C)n1)N1CCC(CC1)N1CCN(C)CC1	50242742	Kd	 0.850000	https://orders.emolecules.com/cgi-bin/more?vid=32176406 https://www.molport.com/shop/molecule-link/MolPort-009-679-381 http://www.medchemexpress.com/NVP-TAE-684.html	($80)/(5 mg) OR ($120)/(10 mg) OR ($320)/(50 mg) OR ($450)/(100 mg) OR ($104)/(5 mg) OR ($156)/(10 mg) OR ($416)/(50 mg) OR ($585)/(100 mg)
Bone morphogenetic protein receptor type-1B	O00238	COc1ccc(cc1)-c1cnc2c(cnn2c1)-c1cccc2ncccc12	50261979	IC50	 9830	http://www.sigmaaldrich.com/catalog/product/SIGMA/SML1273?lang=en&region=US https://orderbb.emolecules.com/cgi-bin/more?vid=49839444 https://www.molport.com/shop/molecule-link/MolPort-035-395-878 http://www.medchemexpress.com/ML347.html	($60)/(5 mg) OR ($90)/(10 mg) OR ($350)/(50 mg) OR ($78)/(5 mg) OR ($117)/(10 mg) OR ($455)/(50 mg)
Bone morphogenetic protein receptor type-1B	O00238	C1CN(CCN1)c1ccc(cc1)-c1cnc2c(cnn2c1)-c1ccnc2ccccc12	50262079	IC50	 60	http://www.sigmaaldrich.com/catalog/product/SIGMA/SML0559?lang=en&region=US https://orders.emolecules.com/cgi-bin/more?vid=36516874 https://www.molport.com/shop/molecule-link/MolPort-023-293-498 http://www.medchemexpress.com/LDN193189.html	($70)/(5 mg) OR ($90)/(10 mg) OR ($240)/(50 mg) OR ($91)/(5 mg) OR ($117)/(10 mg) OR ($312)/(50 mg)
Bone morphogenetic protein receptor type-1B	O00238	C(CN1CCCCC1)Oc1ccc(cc1)-c1cnc2c(cnn2c1)-c1ccncc1	50262685	IC50	 235	http://www.sigmaaldrich.com/catalog/product/SIGMA/P5499?lang=en&region=US https://orderbb.emolecules.com/cgi-bin/more?vid=17282503 http://www.arkpharminc.com/product/detail/AK-88052.html https://www.molport.com/shop/molecule-link/MolPort-006-709-961 http://www.medchemexpress.com/dorsomorphin-dihydrochloride.html	($50)/(5 mg) OR ($75)/(10 mg) OR ($250)/(50 mg) OR ($450)/(100 mg) OR ($65)/(5 mg) OR ($98)/(10 mg) OR ($325)/(50 mg) OR ($585)/(100 mg)
Bone morphogenetic protein receptor type-1B	O00238	C[C@@H](Oc1cc(cnc1N)-c1cnn(c1)C1CCNCC1)c1c(Cl)ccc(F)c1Cl	50306682	Kd	 230	http://www.sigmaaldrich.com/catalog/product/SIGMA/PZ0191?lang=en&region=US https://orders.emolecules.com/cgi-bin/more?vid=31526065 https://www.molport.com/shop/molecule-link/MolPort-009-679-404 http://www.medchemexpress.com/Crizotinib.html	($50)/(10 mg) OR ($90)/(50 mg) OR ($120)/(100 mg) OR ($190)/(200 mg) OR ($290)/(500 mg) OR ($65)/(10 mg) OR ($117 )/(50 mg) OR ($156)/(100 mg) OR ($247)/(200 mg) OR ($377)/(500 mg)
Bone morphogenetic protein receptor type-1B	O00238	C[C@]12O[C@H](C[C@]1(O)CO)n1c3ccccc3c3c4C(=O)NCc4c4c5ccccc5n2c4c13	50308060	Kd	 57	http://www.sigmaaldrich.com/catalog/product/SIGMA/C7869?lang=en&region=US http://www.finetechnology-ind.com/product_detail.shtml?catalogNo=FT-0670762 https://orderbb.emolecules.com/cgi-bin/more?vid=10484307 https://www.molport.com/shop/molecule-link/MolPort-003-848-372	BIOTREND Chemicals, AG: (281.85 USD)/(1 mg), (281.85 USD)/(1 mg)
Bone morphogenetic protein receptor type-1B	O00238	Cc1cnc(Nc2ccc(OCCN3CCCC3)cc2)nc1Nc1cccc(c1)S(=O)(=O)NC(C)(C)C	50332294	Kd	 410	https://orders.emolecules.com/cgi-bin/more?vid=31507668 https://www.molport.com/shop/molecule-link/MolPort-019-879-133 http://www.medchemexpress.com/TG-101348.html	($80)/(5 mg) OR ($110)/(10 mg) OR ($320)/(50 mg) OR ($500)/(100 mg) OR ($104)/(5 mg ) OR ($143)/(10 mg) OR ($416)/(50 mg) OR ($650)/(100 mg)
Bone morphogenetic protein receptor type-1B	O00238	COc1cc(Oc2ccnc3cc(OC)c(OC)cc23)ccc1NC(=O)NC(C)c1nccs1	50355494	Kd	 2200	https://orders.emolecules.com/cgi-bin/more?vid=36370229 https://www.molport.com/shop/molecule-link/MolPort-023-277-197 http://www.medchemexpress.com/Ki20227.html	( $90)/(2 mg) OR ($140)/(5 mg) OR ($190)/(10 mg) OR ($760)/(50 mg) OR ($117)/(2 mg) OR ($182)/(5 mg) OR ($247)/(10 mg) OR ($988)/(50 mg)
Bone morphogenetic protein receptor type-1B	O00238	O=C(N1CCNCC1)c1ccc(\C=C\c2n[nH]c3ccccc23)cc1	50355496	Kd	 120	https://orders.emolecules.com/cgi-bin/more?vid=44841848 https://www.molport.com/shop/molecule-link/MolPort-016-633-288 http://www.medchemexpress.com/KW-2449.html	($50)/(5 mg) OR ($70)/(10 mg) OR ($260)/(50 mg) OR ($480)/(100 mg) OR ($65)/(5 mg) OR ($91)/(10 mg ) OR ($338)/(50 mg) OR ($624)/(100 mg)
Bone morphogenetic protein receptor type-1B	O00238	N#CC[C@H](C1CCCC1)n1cc(cn1)-c1ncnc2[nH]ccc12	50355501	Kd	 1800	http://www.finetechnology-ind.com/product_detail.shtml?catalogNo=FT-0674485 https://orders.emolecules.com/cgi-bin/more?vid=36557633 http://www.arkpharminc.com/product/detail/AK-48608.html https://www.molport.com/shop/molecule-link/MolPort-020-006-045 http://www.medchemexpress.com/Ruxolitinib.html	($60)/(5 mg) OR ($70)/( 10 mg) OR ($120)/(50 mg) OR ($160)/(100 mg) OR ($260)/(200 mg) OR ($460)/(500 mg) OR ($660)/(1 g) OR ($78)/(5 mg) OR ($91)/(10 mg) OR ($156)/(50 mg ) OR ($208)/(100 mg) OR ( $338)/(200 mg) OR ($598)/(500 mg) OR ($858)/(1 g)
Menin	O00255	CC1(C)CN=C(S1)N1CCN(CC1)c1ncnc2sc3CCCCc3c12	152211	IC50	 1200	http://www.sigmaaldrich.com/catalog/product/SIGMA/SML0537?lang=en&region=US https://orders.emolecules.com/cgi-bin/more?vid=2178856 https://www.molport.com/shop/molecule-link/MolPort-000-434-805	InterBioScreen Ltd.: (40.00 USD)/(1 mg), (44.00 USD)/(2 mg), (56.00 USD)/(3 mg), (75.00 USD)/(5 mg), (111.00 USD)/(10 mg), (134.00 USD)/(15 mg), (159.00 USD)/(20 mg), (177.00 USD)/(25 mg), (194.00 USD)/(30 mg), (298.00 USD)/(50 mg), (403.00 USD)/(100 mg), (403.00 USD)/(100 mg)
Menin	O00255	CCc1cc2c(ncnc2s1)N1CCN(CC1)c1nnc(CC)s1	152224	IC50	 3800	https://orders.emolecules.com/cgi-bin/more?vid=1184825 http://chemistryondemand.com:8080/eShop/search_results.jsp?jme_mol=&smiles=G856-2208&s_type=txt&idnumber=G856-2208	
Menin	O00255	CC(C)c1cc2c(ncnc2s1)N1CCN(CC1)C1=NCC(C)(C)S1	152232	IC50	 650	https://orderbb.emolecules.com/cgi-bin/more?vid=44811461 https://www.molport.com/shop/molecule-link/MolPort-035-789-713 http://www.medchemexpress.com/MI-3.html	($130)/(5 mg) OR ($210)/(10 mg) OR ($700)/(50 mg) OR ($900)/(100 mg) OR ($169)/(5 mg) OR ( $273)/(10 mg) OR ($910)/(50 mg) OR ($1170)/(100 mg)
Menin	O00255	CCCc1cc2c(ncnc2s1)N1CCN(CC1)C1=NCC(C)(C)S1	152235	IC50	 430	https://orderbb.emolecules.com/cgi-bin/more?vid=43639524 https://www.molport.com/shop/molecule-link/MolPort-027-834-701 http://www.medchemexpress.com/MI-2.html	($130)/(5 mg) OR ($180)/(10 mg) OR ($500)/(50 mg) OR ($800)/(100 mg ) OR ($1250)/(200 mg) OR ($169)/(5 mg) OR ($234)/(10 mg) OR ($650)/(50 mg) OR ($1040)/(100 mg) OR ($1625)/(200 mg)
Menin	O00255	CCc1cc2c(ncnc2s1)N1CCCN(CC(=O)N2CCCC2)CC1	152239	IC50	 7000	https://orders.emolecules.com/cgi-bin/more?vid=24023525 https://www.molport.com/shop/molecule-link/MolPort-009-280-857	ENAMINE Ltd.: (82.00 USD)/(1 mg), (84.00 USD)/(2 mg), (89.00 USD)/(5 mg), (116.00 USD)/(10 mg), (128.00 USD)/(15 mg), (139.00 USD)/(20 mg), (151.00 USD)/(25 mg), (162.00 USD)/(30 mg), (174.00 USD)/(35 mg), (187.00 USD)/(40 mg), (199.00 USD)/(45 mg), (212.00 USD)/(50 mg), (279.00 USD)/(75 mg), (353.00 USD)/(100 mg), (353.00 USD)/(100 mg)
Menin	O00255	Cc1sc2ncnc(NC3CCN(Cc4ccccc4)CC3)c2c1C	152242	IC50	 8700	https://orders.emolecules.com/cgi-bin/more?vid=2997700 https://www.molport.com/shop/molecule-link/MolPort-000-221-371	ENAMINE Ltd.: (82.00 USD)/(1 mg), (84.00 USD)/(2 mg), (89.00 USD)/(5 mg), (116.00 USD)/(10 mg), (128.00 USD)/(15 mg), (139.00 USD)/(20 mg), (151.00 USD)/(25 mg), (162.00 USD)/(30 mg), (174.00 USD)/(35 mg), (187.00 USD)/(40 mg), (199.00 USD)/(45 mg), (212.00 USD)/(50 mg), (279.00 USD)/(75 mg), (353.00 USD)/(100 mg), (353.00 USD)/(100 mg)
Menin	O00255	CCc1cc2c(NC3CCN(Cc4ccccc4)CC3)ncnc2s1	152245	IC50	 1300	https://orders.emolecules.com/cgi-bin/more?vid=24409989 https://www.molport.com/shop/molecule-link/MolPort-007-891-281 http://chemistryondemand.com:8080/eShop/search_results.jsp?jme_mol=&smiles=G887-0164&s_type=txt&idnumber=G887-0164	
